IndicatorCode,Indicator,ValueType,ParentLocationCode,ParentLocation,Location type,SpatialDimValueCode,Location,Period type,Period,IsLatestYear,Dim1 type,Dim1,Dim1ValueCode,Dim2 type,Dim2,Dim2ValueCode,Dim3 type,Dim3,Dim3ValueCode,DataSourceDimValueCode,DataSource,FactValueNumericPrefix,FactValueNumeric,FactValueUoM,FactValueNumericLowPrefix,FactValueNumericLow,FactValueNumericHighPrefix,FactValueNumericHigh,Value,FactValueTranslationID,FactComments,Language,DateModified
SDGIPV12M,Proportion of ever-partnered women and girls aged 15–49 years subjected to physical and/or sexual violence by a current or former intimate partner in the previous 12 months,numeric,AMR,Americas,Country,DOM,Dominican Republic,Year,2018,true,,,,,,,,,,,,,10,,,15,,6,10 [15 – 6],,,EN,2021-05-05T21:00:00.000Z
SDGIPV12M,Proportion of ever-partnered women and girls aged 15–49 years subjected to physical and/or sexual violence by a current or former intimate partner in the previous 12 months,numeric,AMR,Americas,Country,MEX,Mexico,Year,2018,true,,,,,,,,,,,,,10,,,15,,6,10 [15 – 6],,,EN,2021-05-05T21:00:00.000Z
SDGIPV12M,Proportion of ever-partnered women and girls aged 15–49 years subjected to physical and/or sexual violence by a current or former intimate partner in the previous 12 months,numeric,WPR,Western Pacific,Country,VNM,Viet Nam,Year,2018,true,,,,,,,,,,,,,10,,,17,,5,10 [17 – 5],,,EN,2021-05-05T21:00:00.000Z
SDGIPV12M,Proportion of ever-partnered women and girls aged 15–49 years subjected to physical and/or sexual violence by a current or former intimate partner in the previous 12 months,numeric,AFR,Africa,Country,GHA,Ghana,Year,2018,true,,,,,,,,,,,,,10,,,17,,6,10 [17 – 6],,,EN,2021-05-05T21:00:00.000Z
SDGIPV12M,Proportion of ever-partnered women and girls aged 15–49 years subjected to physical and/or sexual violence by a current or former intimate partner in the previous 12 months,numeric,AFR,Africa,Country,GMB,Gambia,Year,2018,true,,,,,,,,,,,,,10,,,18,,5,10 [18 – 5],,,EN,2021-05-05T21:00:00.000Z
SDGIPV12M,Proportion of ever-partnered women and girls aged 15–49 years subjected to physical and/or sexual violence by a current or former intimate partner in the previous 12 months,numeric,EMR,Eastern Mediterranean,Country,MAR,Morocco,Year,2018,true,,,,,,,,,,,,,10,,,18,,6,10 [18 – 6],,,EN,2021-05-05T21:00:00.000Z
SDGIPV12M,Proportion of ever-partnered women and girls aged 15–49 years subjected to physical and/or sexual violence by a current or former intimate partner in the previous 12 months,numeric,EMR,Eastern Mediterranean,Country,TUN,Tunisia,Year,2018,true,,,,,,,,,,,,,10,,,19,,5,10 [19 – 5],,,EN,2021-05-05T21:00:00.000Z
SDGIPV12M,Proportion of ever-partnered women and girls aged 15–49 years subjected to physical and/or sexual violence by a current or former intimate partner in the previous 12 months,numeric,AMR,Americas,Country,GUY,Guyana,Year,2018,true,,,,,,,,,,,,,10,,,19,,6,10 [19 – 6],,,EN,2021-05-05T21:00:00.000Z
SDGIPV12M,Proportion of ever-partnered women and girls aged 15–49 years subjected to physical and/or sexual violence by a current or former intimate partner in the previous 12 months,numeric,AMR,Americas,Country,PER,Peru,Year,2018,true,,,,,,,,,,,,,11,,,15,,8,11 [15 – 8],,,EN,2021-05-05T21:00:00.000Z
SDGIPV12M,Proportion of ever-partnered women and girls aged 15–49 years subjected to physical and/or sexual violence by a current or former intimate partner in the previous 12 months,numeric,AFR,Africa,Country,CPV,Cabo Verde,Year,2018,true,,,,,,,,,,,,,11,,,18,,6,11 [18 – 6],,,EN,2021-05-05T21:00:00.000Z
SDGIPV12M,Proportion of ever-partnered women and girls aged 15–49 years subjected to physical and/or sexual violence by a current or former intimate partner in the previous 12 months,numeric,SEAR,South-East Asia,Country,MMR,Myanmar,Year,2018,true,,,,,,,,,,,,,11,,,19,,6,11 [19 – 6],,,EN,2021-05-05T21:00:00.000Z
SDGIPV12M,Proportion of ever-partnered women and girls aged 15–49 years subjected to physical and/or sexual violence by a current or former intimate partner in the previous 12 months,numeric,SEAR,South-East Asia,Country,NPL,Nepal,Year,2018,true,,,,,,,,,,,,,11,,,19,,7,11 [19 – 7],,,EN,2021-05-05T21:00:00.000Z
SDGIPV12M,Proportion of ever-partnered women and girls aged 15–49 years subjected to physical and/or sexual violence by a current or former intimate partner in the previous 12 months,numeric,AFR,Africa,Country,BFA,Burkina Faso,Year,2018,true,,,,,,,,,,,,,11,,,20,,6,11 [20 – 6],,,EN,2021-05-05T21:00:00.000Z
SDGIPV12M,Proportion of ever-partnered women and girls aged 15–49 years subjected to physical and/or sexual violence by a current or former intimate partner in the previous 12 months,numeric,AMR,Americas,Country,HTI,Haiti,Year,2018,true,,,,,,,,,,,,,12,,,18,,8,12 [18 – 8],,,EN,2021-05-05T21:00:00.000Z
SDGIPV12M,Proportion of ever-partnered women and girls aged 15–49 years subjected to physical and/or sexual violence by a current or former intimate partner in the previous 12 months,numeric,EUR,Europe,Country,TUR,Turkey,Year,2018,true,,,,,,,,,,,,,12,,,19,,8,12 [19 – 8],,,EN,2021-05-05T21:00:00.000Z
SDGIPV12M,Proportion of ever-partnered women and girls aged 15–49 years subjected to physical and/or sexual violence by a current or former intimate partner in the previous 12 months,numeric,WPR,Western Pacific,Country,MNG,Mongolia,Year,2018,true,,,,,,,,,,,,,12,,,20,,6,12 [20 – 6],,,EN,2021-05-05T21:00:00.000Z
SDGIPV12M,Proportion of ever-partnered women and girls aged 15–49 years subjected to physical and/or sexual violence by a current or former intimate partner in the previous 12 months,numeric,AMR,Americas,Country,COL,Colombia,Year,2018,true,,,,,,,,,,,,,12,,,21,,6,12 [21 – 6],,,EN,2021-05-05T21:00:00.000Z
SDGIPV12M,Proportion of ever-partnered women and girls aged 15–49 years subjected to physical and/or sexual violence by a current or former intimate partner in the previous 12 months,numeric,AFR,Africa,Country,SEN,Senegal,Year,2018,true,,,,,,,,,,,,,12,,,21,,7,12 [21 – 7],,,EN,2021-05-05T21:00:00.000Z
SDGIPV12M,Proportion of ever-partnered women and girls aged 15–49 years subjected to physical and/or sexual violence by a current or former intimate partner in the previous 12 months,numeric,EMR,Eastern Mediterranean,Country,JOR,Jordan,Year,2018,true,,,,,,,,,,,,,13,,,20,,9,13 [20 – 9],,,EN,2021-05-05T21:00:00.000Z
SDGIPV12M,Proportion of ever-partnered women and girls aged 15–49 years subjected to physical and/or sexual violence by a current or former intimate partner in the previous 12 months,numeric,AFR,Africa,Country,NGA,Nigeria,Year,2018,true,,,,,,,,,,,,,13,,,20,,9,13 [20 – 9],,,EN,2021-05-05T21:00:00.000Z
SDGIPV12M,Proportion of ever-partnered women and girls aged 15–49 years subjected to physical and/or sexual violence by a current or former intimate partner in the previous 12 months,numeric,AFR,Africa,Country,NER,Niger,Year,2018,true,,,,,,,,,,,,,13,,,21,,8,13 [21 – 8],,,EN,2021-05-05T21:00:00.000Z
SDGIPV12M,Proportion of ever-partnered women and girls aged 15–49 years subjected to physical and/or sexual violence by a current or former intimate partner in the previous 12 months,numeric,AFR,Africa,Country,TGO,Togo,Year,2018,true,,,,,,,,,,,,,13,,,22,,7,13 [22 – 7],,,EN,2021-05-05T21:00:00.000Z
SDGIPV12M,Proportion of ever-partnered women and girls aged 15–49 years subjected to physical and/or sexual violence by a current or former intimate partner in the previous 12 months,numeric,AFR,Africa,Country,ZAF,South Africa,Year,2018,true,,,,,,,,,,,,,13,,,23,,7,13 [23 – 7],,,EN,2021-05-05T21:00:00.000Z
SDGIPV12M,Proportion of ever-partnered women and girls aged 15–49 years subjected to physical and/or sexual violence by a current or former intimate partner in the previous 12 months,numeric,EUR,Europe,Country,KGZ,Kyrgyzstan,Year,2018,true,,,,,,,,,,,,,13,,,24,,7,13 [24 – 7],,,EN,2021-05-05T21:00:00.000Z
SDGIPV12M,Proportion of ever-partnered women and girls aged 15–49 years subjected to physical and/or sexual violence by a current or former intimate partner in the previous 12 months,numeric,EUR,Europe,Country,TJK,Tajikistan,Year,2018,true,,,,,,,,,,,,,14,,,22,,9,14 [22 – 9],,,EN,2021-05-05T21:00:00.000Z
SDGIPV12M,Proportion of ever-partnered women and girls aged 15–49 years subjected to physical and/or sexual violence by a current or former intimate partner in the previous 12 months,numeric,WPR,Western Pacific,Country,COK,Cook Islands,Year,2018,true,,,,,,,,,,,,,14,,,25,,7,14 [25 – 7],,,EN,2021-05-05T21:00:00.000Z
SDGIPV12M,Proportion of ever-partnered women and girls aged 15–49 years subjected to physical and/or sexual violence by a current or former intimate partner in the previous 12 months,numeric,WPR,Western Pacific,Country,PLW,Palau,Year,2018,true,,,,,,,,,,,,,14,,,26,,7,14 [26 – 7],,,EN,2021-05-05T21:00:00.000Z
SDGIPV12M,Proportion of ever-partnered women and girls aged 15–49 years subjected to physical and/or sexual violence by a current or former intimate partner in the previous 12 months,numeric,EMR,Eastern Mediterranean,Country,EGY,Egypt,Year,2018,true,,,,,,,,,,,,,15,,,23,,10,15 [23 – 10],,,EN,2021-05-05T21:00:00.000Z
SDGIPV12M,Proportion of ever-partnered women and girls aged 15–49 years subjected to physical and/or sexual violence by a current or former intimate partner in the previous 12 months,numeric,AFR,Africa,Country,BEN,Benin,Year,2018,true,,,,,,,,,,,,,15,,,24,,8,15 [24 – 8],,,EN,2021-05-05T21:00:00.000Z
SDGIPV12M,Proportion of ever-partnered women and girls aged 15–49 years subjected to physical and/or sexual violence by a current or former intimate partner in the previous 12 months,numeric,AFR,Africa,Country,MOZ,Mozambique,Year,2018,true,,,,,,,,,,,,,16,,,24,,11,16 [24 – 11],,,EN,2021-05-05T21:00:00.000Z
SDGIPV12M,Proportion of ever-partnered women and girls aged 15–49 years subjected to physical and/or sexual violence by a current or former intimate partner in the previous 12 months,numeric,AFR,Africa,Country,NAM,Namibia,Year,2018,true,,,,,,,,,,,,,16,,,25,,10,16 [25 – 10],,,EN,2021-05-05T21:00:00.000Z
SDGIPV12M,Proportion of ever-partnered women and girls aged 15–49 years subjected to physical and/or sexual violence by a current or former intimate partner in the previous 12 months,numeric,EMR,Eastern Mediterranean,Country,PAK,Pakistan,Year,2018,true,,,,,,,,,,,,,16,,,25,,10,16 [25 – 10],,,EN,2021-05-05T21:00:00.000Z
SDGIPV12M,Proportion of ever-partnered women and girls aged 15–49 years subjected to physical and/or sexual violence by a current or former intimate partner in the previous 12 months,numeric,AFR,Africa,Country,TCD,Chad,Year,2018,true,,,,,,,,,,,,,16,,,27,,9,16 [27 – 9],,,EN,2021-05-05T21:00:00.000Z
SDGIPV12M,Proportion of ever-partnered women and girls aged 15–49 years subjected to physical and/or sexual violence by a current or former intimate partner in the previous 12 months,numeric,AFR,Africa,Country,CIV,Côte d’Ivoire,Year,2018,true,,,,,,,,,,,,,16,,,28,,9,16 [28 – 9],,,EN,2021-05-05T21:00:00.000Z
SDGIPV12M,Proportion of ever-partnered women and girls aged 15–49 years subjected to physical and/or sexual violence by a current or former intimate partner in the previous 12 months,numeric,AFR,Africa,Country,LSO,Lesotho,Year,2018,true,,,,,,,,,,,,,16,,,30,,8,16 [30 – 8],,,EN,2021-05-05T21:00:00.000Z
SDGIPV12M,Proportion of ever-partnered women and girls aged 15–49 years subjected to physical and/or sexual violence by a current or former intimate partner in the previous 12 months,numeric,AFR,Africa,Country,MWI,Malawi,Year,2018,true,,,,,,,,,,,,,17,,,24,,11,17 [24 – 11],,,EN,2021-05-05T21:00:00.000Z
SDGIPV12M,Proportion of ever-partnered women and girls aged 15–49 years subjected to physical and/or sexual violence by a current or former intimate partner in the previous 12 months,numeric,AFR,Africa,Country,BWA,Botswana,Year,2018,true,,,,,,,,,,,,,17,,,28,,10,17 [28 – 10],,,EN,2021-05-05T21:00:00.000Z
SDGIPV12M,Proportion of ever-partnered women and girls aged 15–49 years subjected to physical and/or sexual violence by a current or former intimate partner in the previous 12 months,numeric,EMR,Eastern Mediterranean,Country,SDN,Sudan,Year,2018,true,,,,,,,,,,,,,17,,,30,,9,17 [30 – 9],,,EN,2021-05-05T21:00:00.000Z
SDGIPV12M,Proportion of ever-partnered women and girls aged 15–49 years subjected to physical and/or sexual violence by a current or former intimate partner in the previous 12 months,numeric,WPR,Western Pacific,Country,TON,Tonga,Year,2018,true,,,,,,,,,,,,,17,,,31,,9,17 [31 – 9],,,EN,2021-05-05T21:00:00.000Z
SDGIPV12M,Proportion of ever-partnered women and girls aged 15–49 years subjected to physical and/or sexual violence by a current or former intimate partner in the previous 12 months,numeric,AFR,Africa,Country,MLI,Mali,Year,2018,true,,,,,,,,,,,,,18,,,26,,12,18 [26 – 12],,,EN,2021-05-05T21:00:00.000Z
SDGIPV12M,Proportion of ever-partnered women and girls aged 15–49 years subjected to physical and/or sexual violence by a current or former intimate partner in the previous 12 months,numeric,AFR,Africa,Country,ZWE,Zimbabwe,Year,2018,true,,,,,,,,,,,,,18,,,26,,12,18 [26 – 12],,,EN,2021-05-05T21:00:00.000Z
SDGIPV12M,Proportion of ever-partnered women and girls aged 15–49 years subjected to physical and/or sexual violence by a current or former intimate partner in the previous 12 months,numeric,AMR,Americas,Country,BOL,Bolivia (Plurinational State of),Year,2018,true,,,,,,,,,,,,,18,,,28,,11,18 [28 – 11],,,EN,2021-05-05T21:00:00.000Z
SDGIPV12M,Proportion of ever-partnered women and girls aged 15–49 years subjected to physical and/or sexual violence by a current or former intimate partner in the previous 12 months,numeric,SEAR,South-East Asia,Country,IND,India,Year,2018,true,,,,,,,,,,,,,18,,,28,,11,18 [28 – 11],,,EN,2021-05-05T21:00:00.000Z
SDGIPV12M,Proportion of ever-partnered women and girls aged 15–49 years subjected to physical and/or sexual violence by a current or former intimate partner in the previous 12 months,numeric,AFR,Africa,Country,SWZ,Eswatini,Year,2018,true,,,,,,,,,,,,,18,,,30,,10,18 [30 – 10],,,EN,2021-05-05T21:00:00.000Z
SDGIPV12M,Proportion of ever-partnered women and girls aged 15–49 years subjected to physical and/or sexual violence by a current or former intimate partner in the previous 12 months,numeric,AFR,Africa,Country,STP,Sao Tome and Principe,Year,2018,true,,,,,,,,,,,,,18,,,31,,10,18 [31 – 10],,,EN,2021-05-05T21:00:00.000Z
SDGIPV12M,Proportion of ever-partnered women and girls aged 15–49 years subjected to physical and/or sexual violence by a current or former intimate partner in the previous 12 months,numeric,WPR,Western Pacific,Country,WSM,Samoa,Year,2018,true,,,,,,,,,,,,,18,,,32,,9,18 [32 – 9],,,EN,2021-05-05T21:00:00.000Z
SDGIPV12M,Proportion of ever-partnered women and girls aged 15–49 years subjected to physical and/or sexual violence by a current or former intimate partner in the previous 12 months,numeric,EMR,Eastern Mediterranean,Country,IRN,Iran (Islamic Republic of),Year,2018,true,,,,,,,,,,,,,18,,,36,,7,18 [36 – 7],,,EN,2021-05-05T21:00:00.000Z
SDGIPV12M,Proportion of ever-partnered women and girls aged 15–49 years subjected to physical and/or sexual violence by a current or former intimate partner in the previous 12 months,numeric,WPR,Western Pacific,Country,MHL,Marshall Islands,Year,2018,true,,,,,,,,,,,,,19,,,32,,11,19 [32 – 11],,,EN,2021-05-05T21:00:00.000Z
SDGIPV12M,Proportion of ever-partnered women and girls aged 15–49 years subjected to physical and/or sexual violence by a current or former intimate partner in the previous 12 months,numeric,EUR,Europe,Country,CHE,Switzerland,Year,2018,true,,,,,,,,,,,,,2,,,4,,1,2 [4 – 1],,,EN,2021-05-05T21:00:00.000Z
SDGIPV12M,Proportion of ever-partnered women and girls aged 15–49 years subjected to physical and/or sexual violence by a current or former intimate partner in the previous 12 months,numeric,WPR,Western Pacific,Country,SGP,Singapore,Year,2018,true,,,,,,,,,,,,,2,,,6,,1,2 [6 – 1],,,EN,2021-05-05T21:00:00.000Z
SDGIPV12M,Proportion of ever-partnered women and girls aged 15–49 years subjected to physical and/or sexual violence by a current or former intimate partner in the previous 12 months,numeric,AFR,Africa,Country,SLE,Sierra Leone,Year,2018,true,,,,,,,,,,,,,20,,,32,,11,20 [32 – 11],,,EN,2021-05-05T21:00:00.000Z
SDGIPV12M,Proportion of ever-partnered women and girls aged 15–49 years subjected to physical and/or sexual violence by a current or former intimate partner in the previous 12 months,numeric,WPR,Western Pacific,Country,NRU,Nauru,Year,2018,true,,,,,,,,,,,,,20,,,35,,10,20 [35 – 10],,,EN,2021-05-05T21:00:00.000Z
SDGIPV12M,Proportion of ever-partnered women and girls aged 15–49 years subjected to physical and/or sexual violence by a current or former intimate partner in the previous 12 months,numeric,WPR,Western Pacific,Country,TUV,Tuvalu,Year,2018,true,,,,,,,,,,,,,20,,,35,,10,20 [35 – 10],,,EN,2021-05-05T21:00:00.000Z
SDGIPV12M,Proportion of ever-partnered women and girls aged 15–49 years subjected to physical and/or sexual violence by a current or former intimate partner in the previous 12 months,numeric,AFR,Africa,Country,GIN,Guinea,Year,2018,true,,,,,,,,,,,,,21,,,33,,12,21 [33 – 12],,,EN,2021-05-05T21:00:00.000Z
SDGIPV12M,Proportion of ever-partnered women and girls aged 15–49 years subjected to physical and/or sexual violence by a current or former intimate partner in the previous 12 months,numeric,AFR,Africa,Country,CAF,Central African Republic,Year,2018,true,,,,,,,,,,,,,21,,,35,,12,21 [35 – 12],,,EN,2021-05-05T21:00:00.000Z
SDGIPV12M,Proportion of ever-partnered women and girls aged 15–49 years subjected to physical and/or sexual violence by a current or former intimate partner in the previous 12 months,numeric,WPR,Western Pacific,Country,FSM,Micronesia (Federated States of),Year,2018,true,,,,,,,,,,,,,21,,,36,,12,21 [36 – 12],,,EN,2021-05-05T21:00:00.000Z
SDGIPV12M,Proportion of ever-partnered women and girls aged 15–49 years subjected to physical and/or sexual violence by a current or former intimate partner in the previous 12 months,numeric,AFR,Africa,Country,CMR,Cameroon,Year,2018,true,,,,,,,,,,,,,22,,,32,,15,22 [32 – 15],,,EN,2021-05-05T21:00:00.000Z
SDGIPV12M,Proportion of ever-partnered women and girls aged 15–49 years subjected to physical and/or sexual violence by a current or former intimate partner in the previous 12 months,numeric,AFR,Africa,Country,BDI,Burundi,Year,2018,true,,,,,,,,,,,,,22,,,35,,13,22 [35 – 13],,,EN,2021-05-05T21:00:00.000Z
SDGIPV12M,Proportion of ever-partnered women and girls aged 15–49 years subjected to physical and/or sexual violence by a current or former intimate partner in the previous 12 months,numeric,AFR,Africa,Country,GAB,Gabon,Year,2018,true,,,,,,,,,,,,,22,,,36,,12,22 [36 – 12],,,EN,2021-05-05T21:00:00.000Z
SDGIPV12M,Proportion of ever-partnered women and girls aged 15–49 years subjected to physical and/or sexual violence by a current or former intimate partner in the previous 12 months,numeric,AFR,Africa,Country,KEN,Kenya,Year,2018,true,,,,,,,,,,,,,23,,,33,,15,23 [33 – 15],,,EN,2021-05-05T21:00:00.000Z
SDGIPV12M,Proportion of ever-partnered women and girls aged 15–49 years subjected to physical and/or sexual violence by a current or former intimate partner in the previous 12 months,numeric,AFR,Africa,Country,RWA,Rwanda,Year,2018,true,,,,,,,,,,,,,23,,,33,,16,23 [33 – 16],,,EN,2021-05-05T21:00:00.000Z
SDGIPV12M,Proportion of ever-partnered women and girls aged 15–49 years subjected to physical and/or sexual violence by a current or former intimate partner in the previous 12 months,numeric,SEAR,South-East Asia,Country,BGD,Bangladesh,Year,2018,true,,,,,,,,,,,,,23,,,34,,15,23 [34 – 15],,,EN,2021-05-05T21:00:00.000Z
SDGIPV12M,Proportion of ever-partnered women and girls aged 15–49 years subjected to physical and/or sexual violence by a current or former intimate partner in the previous 12 months,numeric,WPR,Western Pacific,Country,FJI,Fiji,Year,2018,true,,,,,,,,,,,,,23,,,39,,13,23 [39 – 13],,,EN,2021-05-05T21:00:00.000Z
SDGIPV12M,Proportion of ever-partnered women and girls aged 15–49 years subjected to physical and/or sexual violence by a current or former intimate partner in the previous 12 months,numeric,AFR,Africa,Country,TZA,United Republic of Tanzania,Year,2018,true,,,,,,,,,,,,,24,,,35,,16,24 [35 – 16],,,EN,2021-05-05T21:00:00.000Z
SDGIPV12M,Proportion of ever-partnered women and girls aged 15–49 years subjected to physical and/or sexual violence by a current or former intimate partner in the previous 12 months,numeric,AFR,Africa,Country,AGO,Angola,Year,2018,true,,,,,,,,,,,,,25,,,39,,14,25 [39 – 14],,,EN,2021-05-05T21:00:00.000Z
SDGIPV12M,Proportion of ever-partnered women and girls aged 15–49 years subjected to physical and/or sexual violence by a current or former intimate partner in the previous 12 months,numeric,WPR,Western Pacific,Country,KIR,Kiribati,Year,2018,true,,,,,,,,,,,,,25,,,42,,14,25 [42 – 14],,,EN,2021-05-05T21:00:00.000Z
SDGIPV12M,Proportion of ever-partnered women and girls aged 15–49 years subjected to physical and/or sexual violence by a current or former intimate partner in the previous 12 months,numeric,AFR,Africa,Country,UGA,Uganda,Year,2018,true,,,,,,,,,,,,,26,,,36,,18,26 [36 – 18],,,EN,2021-05-05T21:00:00.000Z
SDGIPV12M,Proportion of ever-partnered women and girls aged 15–49 years subjected to physical and/or sexual violence by a current or former intimate partner in the previous 12 months,numeric,AFR,Africa,Country,ETH,Ethiopia,Year,2018,true,,,,,,,,,,,,,27,,,38,,17,27 [38 – 17],,,EN,2021-05-05T21:00:00.000Z
SDGIPV12M,Proportion of ever-partnered women and girls aged 15–49 years subjected to physical and/or sexual violence by a current or former intimate partner in the previous 12 months,numeric,AFR,Africa,Country,LBR,Liberia,Year,2018,true,,,,,,,,,,,,,27,,,40,,17,27 [40 – 17],,,EN,2021-05-05T21:00:00.000Z
SDGIPV12M,Proportion of ever-partnered women and girls aged 15–49 years subjected to physical and/or sexual violence by a current or former intimate partner in the previous 12 months,numeric,AFR,Africa,Country,SSD,South Sudan,Year,2018,true,,,,,,,,,,,,,27,,,48,,13,27 [48 – 13],,,EN,2021-05-05T21:00:00.000Z
SDGIPV12M,Proportion of ever-partnered women and girls aged 15–49 years subjected to physical and/or sexual violence by a current or former intimate partner in the previous 12 months,numeric,AFR,Africa,Country,ZMB,Zambia,Year,2018,true,,,,,,,,,,,,,28,,,39,,19,28 [39 – 19],,,EN,2021-05-05T21:00:00.000Z
SDGIPV12M,Proportion of ever-partnered women and girls aged 15–49 years subjected to physical and/or sexual violence by a current or former intimate partner in the previous 12 months,numeric,SEAR,South-East Asia,Country,TLS,Timor-Leste,Year,2018,true,,,,,,,,,,,,,28,,,40,,19,28 [40 – 19],,,EN,2021-05-05T21:00:00.000Z
SDGIPV12M,Proportion of ever-partnered women and girls aged 15–49 years subjected to physical and/or sexual violence by a current or former intimate partner in the previous 12 months,numeric,WPR,Western Pacific,Country,SLB,Solomon Islands,Year,2018,true,,,,,,,,,,,,,28,,,46,,15,28 [46 – 15],,,EN,2021-05-05T21:00:00.000Z
SDGIPV12M,Proportion of ever-partnered women and girls aged 15–49 years subjected to physical and/or sexual violence by a current or former intimate partner in the previous 12 months,numeric,AFR,Africa,Country,GNQ,Equatorial Guinea,Year,2018,true,,,,,,,,,,,,,29,,,46,,16,29 [46 – 16],,,EN,2021-05-05T21:00:00.000Z
SDGIPV12M,Proportion of ever-partnered women and girls aged 15–49 years subjected to physical and/or sexual violence by a current or former intimate partner in the previous 12 months,numeric,WPR,Western Pacific,Country,VUT,Vanuatu,Year,2018,true,,,,,,,,,,,,,29,,,48,,16,29 [48 – 16],,,EN,2021-05-05T21:00:00.000Z
SDGIPV12M,Proportion of ever-partnered women and girls aged 15–49 years subjected to physical and/or sexual violence by a current or former intimate partner in the previous 12 months,numeric,AMR,Americas,Country,CAN,Canada,Year,2018,true,,,,,,,,,,,,,3,,,4,,2,3 [4 – 2],,,EN,2021-05-05T21:00:00.000Z
SDGIPV12M,Proportion of ever-partnered women and girls aged 15–49 years subjected to physical and/or sexual violence by a current or former intimate partner in the previous 12 months,numeric,EUR,Europe,Country,ISL,Iceland,Year,2018,true,,,,,,,,,,,,,3,,,4,,2,3 [4 – 2],,,EN,2021-05-05T21:00:00.000Z
SDGIPV12M,Proportion of ever-partnered women and girls aged 15–49 years subjected to physical and/or sexual violence by a current or former intimate partner in the previous 12 months,numeric,WPR,Western Pacific,Country,AUS,Australia,Year,2018,true,,,,,,,,,,,,,3,,,5,,2,3 [5 – 2],,,EN,2021-05-05T21:00:00.000Z
SDGIPV12M,Proportion of ever-partnered women and girls aged 15–49 years subjected to physical and/or sexual violence by a current or former intimate partner in the previous 12 months,numeric,EUR,Europe,Country,DNK,Denmark,Year,2018,true,,,,,,,,,,,,,3,,,5,,2,3 [5 – 2],,,EN,2021-05-05T21:00:00.000Z
SDGIPV12M,Proportion of ever-partnered women and girls aged 15–49 years subjected to physical and/or sexual violence by a current or former intimate partner in the previous 12 months,numeric,EUR,Europe,Country,ESP,Spain,Year,2018,true,,,,,,,,,,,,,3,,,5,,2,3 [5 – 2],,,EN,2021-05-05T21:00:00.000Z
SDGIPV12M,Proportion of ever-partnered women and girls aged 15–49 years subjected to physical and/or sexual violence by a current or former intimate partner in the previous 12 months,numeric,EUR,Europe,Country,CYP,Cyprus,Year,2018,true,,,,,,,,,,,,,3,,,6,,1,3 [6 – 1],,,EN,2021-05-05T21:00:00.000Z
SDGIPV12M,Proportion of ever-partnered women and girls aged 15–49 years subjected to physical and/or sexual violence by a current or former intimate partner in the previous 12 months,numeric,EUR,Europe,Country,GEO,Georgia,Year,2018,true,,,,,,,,,,,,,3,,,6,,1,3 [6 – 1],,,EN,2021-05-05T21:00:00.000Z
SDGIPV12M,Proportion of ever-partnered women and girls aged 15–49 years subjected to physical and/or sexual violence by a current or former intimate partner in the previous 12 months,numeric,EUR,Europe,Country,BIH,Bosnia and Herzegovina,Year,2018,true,,,,,,,,,,,,,3,,,6,,2,3 [6 – 2],,,EN,2021-05-05T21:00:00.000Z
SDGIPV12M,Proportion of ever-partnered women and girls aged 15–49 years subjected to physical and/or sexual violence by a current or former intimate partner in the previous 12 months,numeric,EUR,Europe,Country,IRL,Ireland,Year,2018,true,,,,,,,,,,,,,3,,,6,,2,3 [6 – 2],,,EN,2021-05-05T21:00:00.000Z
SDGIPV12M,Proportion of ever-partnered women and girls aged 15–49 years subjected to physical and/or sexual violence by a current or former intimate partner in the previous 12 months,numeric,EUR,Europe,Country,POL,Poland,Year,2018,true,,,,,,,,,,,,,3,,,6,,2,3 [6 – 2],,,EN,2021-05-05T21:00:00.000Z
SDGIPV12M,Proportion of ever-partnered women and girls aged 15–49 years subjected to physical and/or sexual violence by a current or former intimate partner in the previous 12 months,numeric,EUR,Europe,Country,SVN,Slovenia,Year,2018,true,,,,,,,,,,,,,3,,,7,,2,3 [7 – 2],,,EN,2021-05-05T21:00:00.000Z
SDGIPV12M,Proportion of ever-partnered women and girls aged 15–49 years subjected to physical and/or sexual violence by a current or former intimate partner in the previous 12 months,numeric,WPR,Western Pacific,Country,PNG,Papua New Guinea,Year,2018,true,,,,,,,,,,,,,31,,,45,,19,31 [45 – 19],,,EN,2021-05-05T21:00:00.000Z
SDGIPV12M,Proportion of ever-partnered women and girls aged 15–49 years subjected to physical and/or sexual violence by a current or former intimate partner in the previous 12 months,numeric,EMR,Eastern Mediterranean,Country,AFG,Afghanistan,Year,2018,true,,,,,,,,,,,,,35,,,50,,22,35 [50 – 22],,,EN,2021-05-05T21:00:00.000Z
SDGIPV12M,Proportion of ever-partnered women and girls aged 15–49 years subjected to physical and/or sexual violence by a current or former intimate partner in the previous 12 months,numeric,AFR,Africa,Country,COD,Democratic Republic of the Congo,Year,2018,true,,,,,,,,,,,,,36,,,50,,23,36 [50 – 23],,,EN,2021-05-05T21:00:00.000Z
SDGIPV12M,Proportion of ever-partnered women and girls aged 15–49 years subjected to physical and/or sexual violence by a current or former intimate partner in the previous 12 months,numeric,WPR,Western Pacific,Country,JPN,Japan,Year,2018,true,,,,,,,,,,,,,4,,,10,,1,4 [10 – 1],,,EN,2021-05-05T21:00:00.000Z
SDGIPV12M,Proportion of ever-partnered women and girls aged 15–49 years subjected to physical and/or sexual violence by a current or former intimate partner in the previous 12 months,numeric,WPR,Western Pacific,Country,NZL,New Zealand,Year,2018,true,,,,,,,,,,,,,4,,,11,,2,4 [11 – 2],,,EN,2021-05-05T21:00:00.000Z
SDGIPV12M,Proportion of ever-partnered women and girls aged 15–49 years subjected to physical and/or sexual violence by a current or former intimate partner in the previous 12 months,numeric,EUR,Europe,Country,ITA,Italy,Year,2018,true,,,,,,,,,,,,,4,,,6,,2,4 [6 – 2],,,EN,2021-05-05T21:00:00.000Z
SDGIPV12M,Proportion of ever-partnered women and girls aged 15–49 years subjected to physical and/or sexual violence by a current or former intimate partner in the previous 12 months,numeric,EUR,Europe,Country,AUT,Austria,Year,2018,true,,,,,,,,,,,,,4,,,7,,2,4 [7 – 2],,,EN,2021-05-05T21:00:00.000Z
SDGIPV12M,Proportion of ever-partnered women and girls aged 15–49 years subjected to physical and/or sexual violence by a current or former intimate partner in the previous 12 months,numeric,EUR,Europe,Country,CZE,Czechia,Year,2018,true,,,,,,,,,,,,,4,,,7,,2,4 [7 – 2],,,EN,2021-05-05T21:00:00.000Z
SDGIPV12M,Proportion of ever-partnered women and girls aged 15–49 years subjected to physical and/or sexual violence by a current or former intimate partner in the previous 12 months,numeric,EUR,Europe,Country,LUX,Luxembourg,Year,2018,true,,,,,,,,,,,,,4,,,7,,2,4 [7 – 2],,,EN,2021-05-05T21:00:00.000Z
SDGIPV12M,Proportion of ever-partnered women and girls aged 15–49 years subjected to physical and/or sexual violence by a current or former intimate partner in the previous 12 months,numeric,EUR,Europe,Country,SRB,Serbia,Year,2018,true,,,,,,,,,,,,,4,,,7,,2,4 [7 – 2],,,EN,2021-05-05T21:00:00.000Z
SDGIPV12M,Proportion of ever-partnered women and girls aged 15–49 years subjected to physical and/or sexual violence by a current or former intimate partner in the previous 12 months,numeric,EUR,Europe,Country,HRV,Croatia,Year,2018,true,,,,,,,,,,,,,4,,,8,,2,4 [8 – 2],,,EN,2021-05-05T21:00:00.000Z
SDGIPV12M,Proportion of ever-partnered women and girls aged 15–49 years subjected to physical and/or sexual violence by a current or former intimate partner in the previous 12 months,numeric,EUR,Europe,Country,MLT,Malta,Year,2018,true,,,,,,,,,,,,,4,,,8,,2,4 [8 – 2],,,EN,2021-05-05T21:00:00.000Z
SDGIPV12M,Proportion of ever-partnered women and girls aged 15–49 years subjected to physical and/or sexual violence by a current or former intimate partner in the previous 12 months,numeric,EUR,Europe,Country,MNE,Montenegro,Year,2018,true,,,,,,,,,,,,,4,,,8,,2,4 [8 – 2],,,EN,2021-05-05T21:00:00.000Z
SDGIPV12M,Proportion of ever-partnered women and girls aged 15–49 years subjected to physical and/or sexual violence by a current or former intimate partner in the previous 12 months,numeric,EUR,Europe,Country,MKD,The former Yugoslav Republic of Macedonia,Year,2018,true,,,,,,,,,,,,,4,,,8,,2,4 [8 – 2],,,EN,2021-05-05T21:00:00.000Z
SDGIPV12M,Proportion of ever-partnered women and girls aged 15–49 years subjected to physical and/or sexual violence by a current or former intimate partner in the previous 12 months,numeric,EUR,Europe,Country,GBR,United Kingdom of Great Britain and Northern Ireland,Year,2018,true,,,,,,,,,,,,,4,,,8,,2,4 [8 – 2],,,EN,2021-05-05T21:00:00.000Z
SDGIPV12M,Proportion of ever-partnered women and girls aged 15–49 years subjected to physical and/or sexual violence by a current or former intimate partner in the previous 12 months,numeric,EUR,Europe,Country,EST,Estonia,Year,2018,true,,,,,,,,,,,,,4,,,9,,2,4 [9 – 2],,,EN,2021-05-05T21:00:00.000Z
SDGIPV12M,Proportion of ever-partnered women and girls aged 15–49 years subjected to physical and/or sexual violence by a current or former intimate partner in the previous 12 months,numeric,EUR,Europe,Country,NOR,Norway,Year,2018,true,,,,,,,,,,,,,4,,,9,,2,4 [9 – 2],,,EN,2021-05-05T21:00:00.000Z
SDGIPV12M,Proportion of ever-partnered women and girls aged 15–49 years subjected to physical and/or sexual violence by a current or former intimate partner in the previous 12 months,numeric,EUR,Europe,Country,PRT,Portugal,Year,2018,true,,,,,,,,,,,,,4,,,9,,2,4 [9 – 2],,,EN,2021-05-05T21:00:00.000Z
SDGIPV12M,Proportion of ever-partnered women and girls aged 15–49 years subjected to physical and/or sexual violence by a current or former intimate partner in the previous 12 months,numeric,SEAR,South-East Asia,Country,LKA,Sri Lanka,Year,2018,true,,,,,,,,,,,,,4,,,9,,2,4 [9 – 2],,,EN,2021-05-05T21:00:00.000Z
SDGIPV12M,Proportion of ever-partnered women and girls aged 15–49 years subjected to physical and/or sexual violence by a current or former intimate partner in the previous 12 months,numeric,AMR,Americas,Country,URY,Uruguay,Year,2018,true,,,,,,,,,,,,,4,,,9,,2,4 [9 – 2],,,EN,2021-05-05T21:00:00.000Z
SDGIPV12M,Proportion of ever-partnered women and girls aged 15–49 years subjected to physical and/or sexual violence by a current or former intimate partner in the previous 12 months,numeric,EUR,Europe,Country,FRA,France,Year,2018,true,,,,,,,,,,,,,5,,,10,,2,5 [10 – 2],,,EN,2021-05-05T21:00:00.000Z
SDGIPV12M,Proportion of ever-partnered women and girls aged 15–49 years subjected to physical and/or sexual violence by a current or former intimate partner in the previous 12 months,numeric,EUR,Europe,Country,GRC,Greece,Year,2018,true,,,,,,,,,,,,,5,,,10,,3,5 [10 – 3],,,EN,2021-05-05T21:00:00.000Z
SDGIPV12M,Proportion of ever-partnered women and girls aged 15–49 years subjected to physical and/or sexual violence by a current or former intimate partner in the previous 12 months,numeric,EUR,Europe,Country,NLD,Netherlands,Year,2018,true,,,,,,,,,,,,,5,,,10,,3,5 [10 – 3],,,EN,2021-05-05T21:00:00.000Z
SDGIPV12M,Proportion of ever-partnered women and girls aged 15–49 years subjected to physical and/or sexual violence by a current or former intimate partner in the previous 12 months,numeric,EUR,Europe,Country,LTU,Lithuania,Year,2018,true,,,,,,,,,,,,,5,,,11,,2,5 [11 – 2],,,EN,2021-05-05T21:00:00.000Z
SDGIPV12M,Proportion of ever-partnered women and girls aged 15–49 years subjected to physical and/or sexual violence by a current or former intimate partner in the previous 12 months,numeric,AMR,Americas,Country,ARG,Argentina,Year,2018,true,,,,,,,,,,,,,5,,,8,,2,5 [8 – 2],,,EN,2021-05-05T21:00:00.000Z
SDGIPV12M,Proportion of ever-partnered women and girls aged 15–49 years subjected to physical and/or sexual violence by a current or former intimate partner in the previous 12 months,numeric,EUR,Europe,Country,DEU,Germany,Year,2018,true,,,,,,,,,,,,,5,,,8,,3,5 [8 – 3],,,EN,2021-05-05T21:00:00.000Z
SDGIPV12M,Proportion of ever-partnered women and girls aged 15–49 years subjected to physical and/or sexual violence by a current or former intimate partner in the previous 12 months,numeric,EUR,Europe,Country,ARM,Armenia,Year,2018,true,,,,,,,,,,,,,5,,,9,,2,5 [9 – 2],,,EN,2021-05-05T21:00:00.000Z
SDGIPV12M,Proportion of ever-partnered women and girls aged 15–49 years subjected to physical and/or sexual violence by a current or former intimate partner in the previous 12 months,numeric,AMR,Americas,Country,CUB,Cuba,Year,2018,true,,,,,,,,,,,,,5,,,9,,2,5 [9 – 2],,,EN,2021-05-05T21:00:00.000Z
SDGIPV12M,Proportion of ever-partnered women and girls aged 15–49 years subjected to physical and/or sexual violence by a current or former intimate partner in the previous 12 months,numeric,EUR,Europe,Country,AZE,Azerbaijan,Year,2018,true,,,,,,,,,,,,,5,,,9,,3,5 [9 – 3],,,EN,2021-05-05T21:00:00.000Z
SDGIPV12M,Proportion of ever-partnered women and girls aged 15–49 years subjected to physical and/or sexual violence by a current or former intimate partner in the previous 12 months,numeric,EUR,Europe,Country,BEL,Belgium,Year,2018,true,,,,,,,,,,,,,5,,,9,,3,5 [9 – 3],,,EN,2021-05-05T21:00:00.000Z
SDGIPV12M,Proportion of ever-partnered women and girls aged 15–49 years subjected to physical and/or sexual violence by a current or former intimate partner in the previous 12 months,numeric,AMR,Americas,Country,CHL,Chile,Year,2018,true,,,,,,,,,,,,,6,,,10,,3,6 [10 – 3],,,EN,2021-05-05T21:00:00.000Z
SDGIPV12M,Proportion of ever-partnered women and girls aged 15–49 years subjected to physical and/or sexual violence by a current or former intimate partner in the previous 12 months,numeric,EUR,Europe,Country,ISR,Israel,Year,2018,true,,,,,,,,,,,,,6,,,10,,3,6 [10 – 3],,,EN,2021-05-05T21:00:00.000Z
SDGIPV12M,Proportion of ever-partnered women and girls aged 15–49 years subjected to physical and/or sexual violence by a current or former intimate partner in the previous 12 months,numeric,AMR,Americas,Country,PRY,Paraguay,Year,2018,true,,,,,,,,,,,,,6,,,10,,3,6 [10 – 3],,,EN,2021-05-05T21:00:00.000Z
SDGIPV12M,Proportion of ever-partnered women and girls aged 15–49 years subjected to physical and/or sexual violence by a current or former intimate partner in the previous 12 months,numeric,AMR,Americas,Country,BRA,Brazil,Year,2018,true,,,,,,,,,,,,,6,,,10,,4,6 [10 – 4],,,EN,2021-05-05T21:00:00.000Z
SDGIPV12M,Proportion of ever-partnered women and girls aged 15–49 years subjected to physical and/or sexual violence by a current or former intimate partner in the previous 12 months,numeric,EUR,Europe,Country,HUN,Hungary,Year,2018,true,,,,,,,,,,,,,6,,,11,,3,6 [11 – 3],,,EN,2021-05-05T21:00:00.000Z
SDGIPV12M,Proportion of ever-partnered women and girls aged 15–49 years subjected to physical and/or sexual violence by a current or former intimate partner in the previous 12 months,numeric,EUR,Europe,Country,KAZ,Kazakhstan,Year,2018,true,,,,,,,,,,,,,6,,,11,,3,6 [11 – 3],,,EN,2021-05-05T21:00:00.000Z
SDGIPV12M,Proportion of ever-partnered women and girls aged 15–49 years subjected to physical and/or sexual violence by a current or former intimate partner in the previous 12 months,numeric,EUR,Europe,Country,SWE,Sweden,Year,2018,true,,,,,,,,,,,,,6,,,11,,3,6 [11 – 3],,,EN,2021-05-05T21:00:00.000Z
SDGIPV12M,Proportion of ever-partnered women and girls aged 15–49 years subjected to physical and/or sexual violence by a current or former intimate partner in the previous 12 months,numeric,SEAR,South-East Asia,Country,MDV,Maldives,Year,2018,true,,,,,,,,,,,,,6,,,11,,4,6 [11 – 4],,,EN,2021-05-05T21:00:00.000Z
SDGIPV12M,Proportion of ever-partnered women and girls aged 15–49 years subjected to physical and/or sexual violence by a current or former intimate partner in the previous 12 months,numeric,AMR,Americas,Country,NIC,Nicaragua,Year,2018,true,,,,,,,,,,,,,6,,,11,,4,6 [11 – 4],,,EN,2021-05-05T21:00:00.000Z
SDGIPV12M,Proportion of ever-partnered women and girls aged 15–49 years subjected to physical and/or sexual violence by a current or former intimate partner in the previous 12 months,numeric,EUR,Europe,Country,BLR,Belarus,Year,2018,true,,,,,,,,,,,,,6,,,12,,3,6 [12 – 3],,,EN,2021-05-05T21:00:00.000Z
SDGIPV12M,Proportion of ever-partnered women and girls aged 15–49 years subjected to physical and/or sexual violence by a current or former intimate partner in the previous 12 months,numeric,EUR,Europe,Country,BGR,Bulgaria,Year,2018,true,,,,,,,,,,,,,6,,,12,,3,6 [12 – 3],,,EN,2021-05-05T21:00:00.000Z
SDGIPV12M,Proportion of ever-partnered women and girls aged 15–49 years subjected to physical and/or sexual violence by a current or former intimate partner in the previous 12 months,numeric,EUR,Europe,Country,LVA,Latvia,Year,2018,true,,,,,,,,,,,,,6,,,12,,3,6 [12 – 3],,,EN,2021-05-05T21:00:00.000Z
SDGIPV12M,Proportion of ever-partnered women and girls aged 15–49 years subjected to physical and/or sexual violence by a current or former intimate partner in the previous 12 months,numeric,EUR,Europe,Country,SVK,Slovakia,Year,2018,true,,,,,,,,,,,,,6,,,12,,3,6 [12 – 3],,,EN,2021-05-05T21:00:00.000Z
SDGIPV12M,Proportion of ever-partnered women and girls aged 15–49 years subjected to physical and/or sexual violence by a current or former intimate partner in the previous 12 months,numeric,EUR,Europe,Country,ALB,Albania,Year,2018,true,,,,,,,,,,,,,6,,,9,,4,6 [9 – 4],,,EN,2021-05-05T21:00:00.000Z
SDGIPV12M,Proportion of ever-partnered women and girls aged 15–49 years subjected to physical and/or sexual violence by a current or former intimate partner in the previous 12 months,numeric,AMR,Americas,Country,SLV,El Salvador,Year,2018,true,,,,,,,,,,,,,6,,,9,,4,6 [9 – 4],,,EN,2021-05-05T21:00:00.000Z
SDGIPV12M,Proportion of ever-partnered women and girls aged 15–49 years subjected to physical and/or sexual violence by a current or former intimate partner in the previous 12 months,numeric,WPR,Western Pacific,Country,PHL,Philippines,Year,2018,true,,,,,,,,,,,,,6,,,9,,4,6 [9 – 4],,,EN,2021-05-05T21:00:00.000Z
SDGIPV12M,Proportion of ever-partnered women and girls aged 15–49 years subjected to physical and/or sexual violence by a current or former intimate partner in the previous 12 months,numeric,AMR,Americas,Country,USA,United States of America,Year,2018,true,,,,,,,,,,,,,6,,,9,,4,6 [9 – 4],,,EN,2021-05-05T21:00:00.000Z
SDGIPV12M,Proportion of ever-partnered women and girls aged 15–49 years subjected to physical and/or sexual violence by a current or former intimate partner in the previous 12 months,numeric,AMR,Americas,Country,GTM,Guatemala,Year,2018,true,,,,,,,,,,,,,7,,,12,,4,7 [12 – 4],,,EN,2021-05-05T21:00:00.000Z
SDGIPV12M,Proportion of ever-partnered women and girls aged 15–49 years subjected to physical and/or sexual violence by a current or former intimate partner in the previous 12 months,numeric,AMR,Americas,Country,HND,Honduras,Year,2018,true,,,,,,,,,,,,,7,,,12,,4,7 [12 – 4],,,EN,2021-05-05T21:00:00.000Z
SDGIPV12M,Proportion of ever-partnered women and girls aged 15–49 years subjected to physical and/or sexual violence by a current or former intimate partner in the previous 12 months,numeric,AMR,Americas,Country,JAM,Jamaica,Year,2018,true,,,,,,,,,,,,,7,,,12,,4,7 [12 – 4],,,EN,2021-05-05T21:00:00.000Z
SDGIPV12M,Proportion of ever-partnered women and girls aged 15–49 years subjected to physical and/or sexual violence by a current or former intimate partner in the previous 12 months,numeric,EUR,Europe,Country,ROU,Romania,Year,2018,true,,,,,,,,,,,,,7,,,12,,4,7 [12 – 4],,,EN,2021-05-05T21:00:00.000Z
SDGIPV12M,Proportion of ever-partnered women and girls aged 15–49 years subjected to physical and/or sexual violence by a current or former intimate partner in the previous 12 months,numeric,AMR,Americas,Country,CRI,Costa Rica,Year,2018,true,,,,,,,,,,,,,7,,,14,,4,7 [14 – 4],,,EN,2021-05-05T21:00:00.000Z
SDGIPV12M,Proportion of ever-partnered women and girls aged 15–49 years subjected to physical and/or sexual violence by a current or former intimate partner in the previous 12 months,numeric,AMR,Americas,Country,TTO,Trinidad and Tobago,Year,2018,true,,,,,,,,,,,,,7,,,14,,4,7 [14 – 4],,,EN,2021-05-05T21:00:00.000Z
SDGIPV12M,Proportion of ever-partnered women and girls aged 15–49 years subjected to physical and/or sexual violence by a current or former intimate partner in the previous 12 months,numeric,EUR,Europe,Country,FIN,Finland,Year,2018,true,,,,,,,,,,,,,8,,,11,,6,8 [11 – 6],,,EN,2021-05-05T21:00:00.000Z
SDGIPV12M,Proportion of ever-partnered women and girls aged 15–49 years subjected to physical and/or sexual violence by a current or former intimate partner in the previous 12 months,numeric,AMR,Americas,Country,PAN,Panama,Year,2018,true,,,,,,,,,,,,,8,,,13,,4,8 [13 – 4],,,EN,2021-05-05T21:00:00.000Z
SDGIPV12M,Proportion of ever-partnered women and girls aged 15–49 years subjected to physical and/or sexual violence by a current or former intimate partner in the previous 12 months,numeric,AMR,Americas,Country,SUR,Suriname,Year,2018,true,,,,,,,,,,,,,8,,,14,,4,8 [14 – 4],,,EN,2021-05-05T21:00:00.000Z
SDGIPV12M,Proportion of ever-partnered women and girls aged 15–49 years subjected to physical and/or sexual violence by a current or former intimate partner in the previous 12 months,numeric,AMR,Americas,Country,ECU,Ecuador,Year,2018,true,,,,,,,,,,,,,8,,,14,,5,8 [14 – 5],,,EN,2021-05-05T21:00:00.000Z
SDGIPV12M,Proportion of ever-partnered women and girls aged 15–49 years subjected to physical and/or sexual violence by a current or former intimate partner in the previous 12 months,numeric,WPR,Western Pacific,Country,KOR,Republic of Korea,Year,2018,true,,,,,,,,,,,,,8,,,14,,5,8 [14 – 5],,,EN,2021-05-05T21:00:00.000Z
SDGIPV12M,Proportion of ever-partnered women and girls aged 15–49 years subjected to physical and/or sexual violence by a current or former intimate partner in the previous 12 months,numeric,AMR,Americas,Country,GRD,Grenada,Year,2018,true,,,,,,,,,,,,,8,,,15,,4,8 [15 – 4],,,EN,2021-05-05T21:00:00.000Z
SDGIPV12M,Proportion of ever-partnered women and girls aged 15–49 years subjected to physical and/or sexual violence by a current or former intimate partner in the previous 12 months,numeric,WPR,Western Pacific,Country,LAO,Lao People's Democratic Republic,Year,2018,true,,,,,,,,,,,,,8,,,15,,4,8 [15 – 4],,,EN,2021-05-05T21:00:00.000Z
SDGIPV12M,Proportion of ever-partnered women and girls aged 15–49 years subjected to physical and/or sexual violence by a current or former intimate partner in the previous 12 months,numeric,AFR,Africa,Country,COM,Comoros,Year,2018,true,,,,,,,,,,,,,8,,,16,,4,8 [16 – 4],,,EN,2021-05-05T21:00:00.000Z
SDGIPV12M,Proportion of ever-partnered women and girls aged 15–49 years subjected to physical and/or sexual violence by a current or former intimate partner in the previous 12 months,numeric,AMR,Americas,Country,VEN,Venezuela (Bolivarian Republic of),Year,2018,true,,,,,,,,,,,,,8,,,16,,4,8 [16 – 4],,,EN,2021-05-05T21:00:00.000Z
SDGIPV12M,Proportion of ever-partnered women and girls aged 15–49 years subjected to physical and/or sexual violence by a current or former intimate partner in the previous 12 months,numeric,AMR,Americas,Country,BLZ,Belize,Year,2018,true,,,,,,,,,,,,,8,,,17,,3,8 [17 – 3],,,EN,2021-05-05T21:00:00.000Z
SDGIPV12M,Proportion of ever-partnered women and girls aged 15–49 years subjected to physical and/or sexual violence by a current or former intimate partner in the previous 12 months,numeric,WPR,Western Pacific,Country,CHN,China,Year,2018,true,,,,,,,,,,,,,8,,,18,,3,8 [18 – 3],,,EN,2021-05-05T21:00:00.000Z
SDGIPV12M,Proportion of ever-partnered women and girls aged 15–49 years subjected to physical and/or sexual violence by a current or former intimate partner in the previous 12 months,numeric,EUR,Europe,Country,UKR,Ukraine,Year,2018,true,,,,,,,,,,,,,9,,,13,,5,9 [13 – 5],,,EN,2021-05-05T21:00:00.000Z
SDGIPV12M,Proportion of ever-partnered women and girls aged 15–49 years subjected to physical and/or sexual violence by a current or former intimate partner in the previous 12 months,numeric,SEAR,South-East Asia,Country,BTN,Bhutan,Year,2018,true,,,,,,,,,,,,,9,,,14,,5,9 [14 – 5],,,EN,2021-05-05T21:00:00.000Z
SDGIPV12M,Proportion of ever-partnered women and girls aged 15–49 years subjected to physical and/or sexual violence by a current or former intimate partner in the previous 12 months,numeric,WPR,Western Pacific,Country,KHM,Cambodia,Year,2018,true,,,,,,,,,,,,,9,,,14,,6,9 [14 – 6],,,EN,2021-05-05T21:00:00.000Z
SDGIPV12M,Proportion of ever-partnered women and girls aged 15–49 years subjected to physical and/or sexual violence by a current or former intimate partner in the previous 12 months,numeric,EUR,Europe,Country,MDA,Republic of Moldova,Year,2018,true,,,,,,,,,,,,,9,,,15,,5,9 [15 – 5],,,EN,2021-05-05T21:00:00.000Z
SDGIPV12M,Proportion of ever-partnered women and girls aged 15–49 years subjected to physical and/or sexual violence by a current or former intimate partner in the previous 12 months,numeric,SEAR,South-East Asia,Country,IDN,Indonesia,Year,2018,true,,,,,,,,,,,,,9,,,20,,4,9 [20 – 4],,,EN,2021-05-05T21:00:00.000Z
SDGIPV12M,Proportion of ever-partnered women and girls aged 15–49 years subjected to physical and/or sexual violence by a current or former intimate partner in the previous 12 months,numeric,SEAR,South-East Asia,Country,THA,Thailand,Year,2018,true,,,,,,,,,,,,,9,,,20,,4,9 [20 – 4],,,EN,2021-05-05T21:00:00.000Z
